Individual,Morph,Date,Day,Standard_length_mm,Sex,Group ,Start  date,Initial_SL,Clutch,,,,
FSL 1,Littoral,13/08/2021,0,9.995,M,littoral_freeswim,13/08/2021,9.995,,,,,
FSL 2,Littoral,13/08/2021,0,10.409,M,littoral_freeswim,13/08/2021,10.409,,,,,
FSL 3,Littoral,13/08/2021,0,10.438,M,littoral_freeswim,13/08/2021,10.438,,,,,
FSL 4,Littoral,13/08/2021,0,10.346,F,littoral_freeswim,13/08/2021,10.346,,,,,
FSL 5,Littoral,13/08/2021,0, ,M,littoral_freeswim,13/08/2021,10.855,,,,,
FSL 6,Littoral,13/08/2021,0, ,F,littoral_freeswim,13/08/2021,11.265,,,,,
FSL 7,Littoral,13/08/2021,0,10.545,M,littoral_freeswim,13/08/2021,10.545,,,,,
FSL 8,Littoral,13/08/2021,0,10.797,F,littoral_freeswim,13/08/2021,10.797,,,,,
FSL 1,Littoral,16/08/2021,3,10.884,M,littoral_freeswim,13/08/2021,9.995,,,,,
FSL 2,Littoral,16/08/2021,3,11.23,M,littoral_freeswim,13/08/2021,10.409,,,,,
FSL 3,Littoral,16/08/2021,3,11.077,M,littoral_freeswim,13/08/2021,10.438,,,,,
FSL 4,Littoral,16/08/2021,3, ,F,littoral_freeswim,13/08/2021,10.346,,,,,
FSL 5,Littoral,16/08/2021,3,11.355,M,littoral_freeswim,13/08/2021,10.855,,,,,
FSL 6,Littoral,16/08/2021,3,11.315,F,littoral_freeswim,13/08/2021,11.265,,,,,
FSL 7,Littoral,16/08/2021,3,10.783,M,littoral_freeswim,13/08/2021,10.545,,,,,
FSL 8,Littoral,16/08/2021,3,11.025,F,littoral_freeswim,13/08/2021,10.797,,,,,
FSL 1,Littoral,19/08/2021,6,11.807,M,littoral_freeswim,13/08/2021,9.995,,,,,
FSL 2,Littoral,19/08/2021,6,12.257,M,littoral_freeswim,13/08/2021,10.409,,,,,
FSL 3,Littoral,19/08/2021,6,12.264,M,littoral_freeswim,13/08/2021,10.438,,,,,
FSL 4,Littoral,19/08/2021,6,12.256,F,littoral_freeswim,13/08/2021,10.346,,,,,
FSL 5,Littoral,19/08/2021,6,12.315,M,littoral_freeswim,13/08/2021,10.855,,,,,
FSL 6,Littoral,19/08/2021,6,12.095,F,littoral_freeswim,13/08/2021,11.265,,,,,
FSL 7,Littoral,19/08/2021,6,12.473,M,littoral_freeswim,13/08/2021,10.545,,,,,
FSL 8,Littoral,19/08/2021,6,12.176,F,littoral_freeswim,13/08/2021,10.797,,,,,
FSL 1,Littoral,22/08/2021,9,12.494,M,littoral_freeswim,13/08/2021,9.995,,,,,
FSL 2,Littoral,22/08/2021,9,12.392,M,littoral_freeswim,13/08/2021,10.409,,,,,
FSL 3,Littoral,22/08/2021,9,12.496,M,littoral_freeswim,13/08/2021,10.438,,,,,
FSL 4,Littoral,22/08/2021,9,12.193,F,littoral_freeswim,13/08/2021,10.346,,,,,
FSL 5,Littoral,22/08/2021,9, ,M,littoral_freeswim,13/08/2021,10.855,,,,,
FSL 6,Littoral,22/08/2021,9, ,F,littoral_freeswim,13/08/2021,11.265,,,,,
FSL 7,Littoral,22/08/2021,9, ,M,littoral_freeswim,13/08/2021,10.545,,,,,
FSL 8,Littoral,22/08/2021,9, ,F,littoral_freeswim,13/08/2021,10.797,,,,,
FSL 1,Littoral,27/08/2021,14,12.88,M,littoral_freeswim,13/08/2021,9.995,,,,,
FSL 2,Littoral,27/08/2021,14,12.616,M,littoral_freeswim,13/08/2021,10.409,,,,,
FSL 3,Littoral,27/08/2021,14,12.814,M,littoral_freeswim,13/08/2021,10.438,,,,,
FSL 4,Littoral,27/08/2021,14,12.858,F,littoral_freeswim,13/08/2021,10.346,,,,,
FSL 5,Littoral,27/08/2021,14,12.793,M,littoral_freeswim,13/08/2021,10.855,,,,,
FSL 6,Littoral,27/08/2021,14,13.046,F,littoral_freeswim,13/08/2021,11.265,,,,,
FSL 7,Littoral,27/08/2021,14,13.292,M,littoral_freeswim,13/08/2021,10.545,,,,,
FSL 8,Littoral,27/08/2021,14,13.366,F,littoral_freeswim,13/08/2021,10.797,,,,,
FSL 1,Littoral,01/09/2021,19,14.616,M,littoral_freeswim,13/08/2021,9.995,,,,,
FSL 2,Littoral,01/09/2021,19,13.718,M,littoral_freeswim,13/08/2021,10.409,,,,,
FSL 3,Littoral,01/09/2021,19,14.253,M,littoral_freeswim,13/08/2021,10.438,,,,,
FSL 4,Littoral,01/09/2021,19,14.144,F,littoral_freeswim,13/08/2021,10.346,,,,,
FSL 5,Littoral,01/09/2021,19,14.43,M,littoral_freeswim,13/08/2021,10.855,,,,,
FSL 6,Littoral,01/09/2021,19,14.98,F,littoral_freeswim,13/08/2021,11.265,,,,,
FSL 7,Littoral,01/09/2021,19,14.332,M,littoral_freeswim,13/08/2021,10.545,,,,,
FSL 8,Littoral,01/09/2021,19,14.941,F,littoral_freeswim,13/08/2021,10.797,,,,,
FSL 1,Littoral,06/09/2021,24,15.834,M,littoral_freeswim,13/08/2021,9.995,,,,,
FSL 2,Littoral,06/09/2021,24,14.534,M,littoral_freeswim,13/08/2021,10.409,,,,,
FSL 3,Littoral,06/09/2021,24,16.14,M,littoral_freeswim,13/08/2021,10.438,,,,,
FSL 4,Littoral,06/09/2021,24,15.368,F,littoral_freeswim,13/08/2021,10.346,,,,,
FSL 5,Littoral,06/09/2021,24,16.707,M,littoral_freeswim,13/08/2021,10.855,,,,,
FSL 6,Littoral,06/09/2021,24,16.773,F,littoral_freeswim,13/08/2021,11.265,,,,,
FSL 7,Littoral,06/09/2021,24,15.693,M,littoral_freeswim,13/08/2021,10.545,,,,,
FSL 8,Littoral,06/09/2021,24,16.138,F,littoral_freeswim,13/08/2021,10.797,,,,,
FSL 1,Littoral,11/09/2021,29,15.863,M,littoral_freeswim,13/08/2021,9.995,,,,,
FSL 2,Littoral,11/09/2021,29,15.461,M,littoral_freeswim,13/08/2021,10.409,,,,,
FSL 3,Littoral,11/09/2021,29,16.977,M,littoral_freeswim,13/08/2021,10.438,,,,,
FSL 4,Littoral,11/09/2021,29,16.188,F,littoral_freeswim,13/08/2021,10.346,,,,,
FSL 5,Littoral,11/09/2021,29,17.503,M,littoral_freeswim,13/08/2021,10.855,,,,,
FSL 6,Littoral,11/09/2021,29,17.628,F,littoral_freeswim,13/08/2021,11.265,,,,,
FSL 7,Littoral,11/09/2021,29,16.379,M,littoral_freeswim,13/08/2021,10.545,,,,,
FSL 8,Littoral,11/09/2021,29,16.575,F,littoral_freeswim,13/08/2021,10.797,,,,,
FSL 1,Littoral,17/09/2021,35,16.436,M,littoral_freeswim,13/08/2021,9.995,,,,,
FSL 2,Littoral,17/09/2021,35,16.623,M,littoral_freeswim,13/08/2021,10.409,,,,,
FSL 3,Littoral,17/09/2021,35,18.39,M,littoral_freeswim,13/08/2021,10.438,,,,,
FSL 4,Littoral,17/09/2021,35,17.866,F,littoral_freeswim,13/08/2021,10.346,,,,,
FSL 5,Littoral,17/09/2021,35,19.037,M,littoral_freeswim,13/08/2021,10.855,,,,,
FSL 6,Littoral,17/09/2021,35,19.489,F,littoral_freeswim,13/08/2021,11.265,,,,,
FSL 7,Littoral,17/09/2021,35,16.927,M,littoral_freeswim,13/08/2021,10.545,,,,,
FSL 8,Littoral,17/09/2021,35,17.86,F,littoral_freeswim,13/08/2021,10.797,,,,,
FSL 1,Littoral,21/09/2021,39,16.671,M,littoral_freeswim,13/08/2021,9.995,,,,,
FSL 2,Littoral,21/09/2021,39,16.798,M,littoral_freeswim,13/08/2021,10.409,,,,,
FSL 3,Littoral,21/09/2021,39,18.688,M,littoral_freeswim,13/08/2021,10.438,,,,,
FSL 4,Littoral,21/09/2021,39,18.145,F,littoral_freeswim,13/08/2021,10.346,,,,,
FSL 5,Littoral,21/09/2021,39,20.066,M,littoral_freeswim,13/08/2021,10.855,,,,,
FSL 6,Littoral,21/09/2021,39,19.916,F,littoral_freeswim,13/08/2021,11.265,,,,,
FSL 7,Littoral,21/09/2021,39,17.451,M,littoral_freeswim,13/08/2021,10.545,,,,,
FSL 8,Littoral,21/09/2021,39,18.268,F,littoral_freeswim,13/08/2021,10.797,,,,,
FSL 1,Littoral,26/09/2021,44,16.542,M,littoral_freeswim,13/08/2021,9.995,,,,,
FSL 2,Littoral,26/09/2021,44,18.022,M,littoral_freeswim,13/08/2021,10.409,,,,,
FSL 3,Littoral,26/09/2021,44,19.75,M,littoral_freeswim,13/08/2021,10.438,,,,,
FSL 4,Littoral,26/09/2021,44,19.799,F,littoral_freeswim,13/08/2021,10.346,,,,,
FSL 5,Littoral,26/09/2021,44,20.61,M,littoral_freeswim,13/08/2021,10.855,,,,,
FSL 6,Littoral,26/09/2021,44,21.319,F,littoral_freeswim,13/08/2021,11.265,,,,,
FSL 7,Littoral,26/09/2021,44,17.816,M,littoral_freeswim,13/08/2021,10.545,,,,,
FSL 8,Littoral,26/09/2021,44,19.416,F,littoral_freeswim,13/08/2021,10.797,,,,,
FSL 1,Littoral,01/10/2021,49,17.604,M,littoral_freeswim,13/08/2021,9.995,,,,,
FSL 2,Littoral,01/10/2021,49,18.412,M,littoral_freeswim,13/08/2021,10.409,,,,,
FSL 3,Littoral,01/10/2021,49,20.56,M,littoral_freeswim,13/08/2021,10.438,,,,,
FSL 4,Littoral,01/10/2021,49,20.027,F,littoral_freeswim,13/08/2021,10.346,,,,,
FSL 5,Littoral,01/10/2021,49,22.137,M,littoral_freeswim,13/08/2021,10.855,,,,,
FSL 6,Littoral,01/10/2021,49,21.462,F,littoral_freeswim,13/08/2021,11.265,,,,,
FSL 7,Littoral,01/10/2021,49,18.647,M,littoral_freeswim,13/08/2021,10.545,,,,,
FSL 8,Littoral,01/10/2021,49,19.456,F,littoral_freeswim,13/08/2021,10.797,,,,,
FSB 1,Benthic,20/10/2021,0,9.642,F,benthic_freeswim,20/10/2021,9.642,,,,,
FSB 2,Benthic,20/10/2021,0,9.699,M,benthic_freeswim,20/10/2021,9.699,,,,,
FSB 3,Benthic,20/10/2021,0,9.23,F,benthic_freeswim,20/10/2021,9.23,,,,,
FSB 4,Benthic,20/10/2021,0,9.715,F,benthic_freeswim,20/10/2021,9.715,,,,,
FSB 5,Benthic,20/10/2021,0,9.631,M,benthic_freeswim,20/10/2021,9.631,,,,,
FSB 6,Benthic,20/10/2021,0,9.743,M,benthic_freeswim,20/10/2021,9.743,,,,,
FSB 7,Benthic,20/10/2021,0,9.803,M,benthic_freeswim,20/10/2021,9.803,,,,,
FSB 8,Benthic,20/10/2021,0,9.686,M,benthic_freeswim,20/10/2021,9.686,,,,,
FSB 10,Benthic,20/10/2021,0, ,M,benthic_freeswim,20/10/2021,10,,,,,
FSB 1,Benthic,22/10/2021,2,10.273,F,benthic_freeswim,20/10/2021,9.642,,,,,
FSB 2,Benthic,22/10/2021,2,10.319,M,benthic_freeswim,20/10/2021,9.699,,,,,
FSB 3,Benthic,22/10/2021,2,10.361,F,benthic_freeswim,20/10/2021,9.23,,,,,
FSB 4,Benthic,22/10/2021,2,10.5,F,benthic_freeswim,20/10/2021,9.715,,,,,
FSB 5,Benthic,22/10/2021,2,10.405,M,benthic_freeswim,20/10/2021,9.631,,,,,
FSB 6,Benthic,22/10/2021,2,10.412,M,benthic_freeswim,20/10/2021,9.743,,,,,
FSB 8,Benthic,22/10/2021,2, ,M,benthic_freeswim,20/10/2021,9.686,,,,,
FSB 10,Benthic,22/10/2021,2, ,M,benthic_freeswim,20/10/2021,10,,,,,
FSB 1,Benthic,25/10/2021,5,11.309,F,benthic_freeswim,20/10/2021,9.642,,,,,
FSB 2,Benthic,25/10/2021,5,10.956,M,benthic_freeswim,20/10/2021,9.699,,,,,
FSB 3,Benthic,25/10/2021,5,10.653,F,benthic_freeswim,20/10/2021,9.23,,,,,
FSB 4,Benthic,25/10/2021,5,11.058,F,benthic_freeswim,20/10/2021,9.715,,,,,
FSB 5,Benthic,25/10/2021,5,10.973,M,benthic_freeswim,20/10/2021,9.631,,,,,
FSB 6,Benthic,25/10/2021,5,10.877,M,benthic_freeswim,20/10/2021,9.743,,,,,
FSB 8,Benthic,25/10/2021,5, ,M,benthic_freeswim,20/10/2021,9.686,,,,,
FSB 10,Benthic,25/10/2021,5, ,M,benthic_freeswim,20/10/2021,10,,,,,
FSB 1,Benthic,28/10/2021,8,12.434,F,benthic_freeswim,20/10/2021,9.642,,,,,
FSB 2,Benthic,28/10/2021,8,11.683,M,benthic_freeswim,20/10/2021,9.699,,,,,
FSB 3,Benthic,28/10/2021,8,11.819,F,benthic_freeswim,20/10/2021,9.23,,,,,
FSB 4,Benthic,28/10/2021,8,11.446,F,benthic_freeswim,20/10/2021,9.715,,,,,
FSB 5,Benthic,28/10/2021,8,11.96,M,benthic_freeswim,20/10/2021,9.631,,,,,
FSB 6,Benthic,28/10/2021,8,11.965,M,benthic_freeswim,20/10/2021,9.743,,,,,
FSB 8,Benthic,28/10/2021,8, ,M,benthic_freeswim,20/10/2021,9.686,,,,,
FSB 10,Benthic,28/10/2021,8, ,M,benthic_freeswim,20/10/2021,10,,,,,
FSB 1,Benthic,01/11/2021,12,12.898,F,benthic_freeswim,20/10/2021,9.642,,,,,
FSB 2,Benthic,01/11/2021,12,12.008,M,benthic_freeswim,20/10/2021,9.699,,,,,
FSB 3,Benthic,01/11/2021,12,11.965,F,benthic_freeswim,20/10/2021,9.23,,,,,
FSB 4,Benthic,01/11/2021,12,12.125,F,benthic_freeswim,20/10/2021,9.715,,,,,
FSB 5,Benthic,01/11/2021,12,12.417,M,benthic_freeswim,20/10/2021,9.631,,,,,
FSB 6,Benthic,01/11/2021,12,12.737,M,benthic_freeswim,20/10/2021,9.743,,,,,
FSB 8,Benthic,01/11/2021,12, ,M,benthic_freeswim,20/10/2021,9.686,,,,,
FSB 10,Benthic,01/11/2021,12, ,M,benthic_freeswim,20/10/2021,10,,,,,
FSB 1,Benthic,04/11/2021,15,13.592,F,benthic_freeswim,20/10/2021,9.642,,,,,
FSB 2,Benthic,04/11/2021,15,13.657,M,benthic_freeswim,20/10/2021,9.699,,,,,
FSB 3,Benthic,04/11/2021,15,12.94,F,benthic_freeswim,20/10/2021,9.23,,,,,
FSB 4,Benthic,04/11/2021,15,12.771,F,benthic_freeswim,20/10/2021,9.715,,,,,
FSB 5,Benthic,04/11/2021,15,12.747,M,benthic_freeswim,20/10/2021,9.631,,,,,
FSB 6,Benthic,04/11/2021,15,12.918,M,benthic_freeswim,20/10/2021,9.743,,,,,
FSB 8,Benthic,04/11/2021,15, ,M,benthic_freeswim,20/10/2021,9.686,,,,,
FSB 10,Benthic,04/11/2021,15, ,M,benthic_freeswim,20/10/2021,10,,,,,
FSB 1,Benthic,08/11/2021,19,15.394,F,benthic_freeswim,20/10/2021,9.642,,,,,
FSB 2,Benthic,08/11/2021,19,15.08,M,benthic_freeswim,20/10/2021,9.699,,,,,
FSB 3,Benthic,08/11/2021,19,15.245,F,benthic_freeswim,20/10/2021,9.23,,,,,
FSB 4,Benthic,08/11/2021,19,14.221,F,benthic_freeswim,20/10/2021,9.715,,,,,
FSB 5,Benthic,08/11/2021,19,14.12,M,benthic_freeswim,20/10/2021,9.631,,,,,
FSB 6,Benthic,08/11/2021,19,14.436,M,benthic_freeswim,20/10/2021,9.743,,,,,
FSB 8,Benthic,08/11/2021,19,15.027,M,benthic_freeswim,20/10/2021,9.686,,,,,
FSB 10,Benthic,08/11/2021,19,14.82,M,benthic_freeswim,20/10/2021,10,,,,,
FSB 1,Benthic,12/11/2021,23,16.865,F,benthic_freeswim,20/10/2021,9.642,,,,,
FSB 2,Benthic,12/11/2021,23,16.415,M,benthic_freeswim,20/10/2021,9.699,,,,,
FSB 3,Benthic,12/11/2021,23,15.673,F,benthic_freeswim,20/10/2021,9.23,,,,,
FSB 4,Benthic,12/11/2021,23,,F,benthic_freeswim,20/10/2021,9.715,,,,,
FSB 5,Benthic,12/11/2021,23, ,M,benthic_freeswim,20/10/2021,9.631,,,,,
FSB 6,Benthic,12/11/2021,23, ,M,benthic_freeswim,20/10/2021,9.743,,,,,
FSB 8,Benthic,12/11/2021,23,15.761,M,benthic_freeswim,20/10/2021,9.686,,,,,
FSB 10,Benthic,12/11/2021,23,15.461,M,benthic_freeswim,20/10/2021,10,,,,,
FSB 1,Benthic,18/11/2021,29,18.128,F,benthic_freeswim,20/10/2021,9.642,,,,,
FSB 2,Benthic,18/11/2021,29,17.593,M,benthic_freeswim,20/10/2021,9.699,,,,,
FSB 3,Benthic,18/11/2021,29,17.383,F,benthic_freeswim,20/10/2021,9.23,,,,,
FSB 4,Benthic,18/11/2021,29,17.057,F,benthic_freeswim,20/10/2021,9.715,,,,,
FSB 5,Benthic,18/11/2021,29, ,M,benthic_freeswim,20/10/2021,9.631,,,,,
FSB 6,Benthic,18/11/2021,29, ,M,benthic_freeswim,20/10/2021,9.743,,,,,
FSB 8,Benthic,18/11/2021,29,18.865,M,benthic_freeswim,20/10/2021,9.686,,,,,
FSB 10,Benthic,18/11/2021,29,17.291,M,benthic_freeswim,20/10/2021,10,,,,,
FSB 1,Benthic,24/11/2021,35,19.737,F,benthic_freeswim,20/10/2021,9.642,,,,,
FSB 2,Benthic,24/11/2021,35,18.958,M,benthic_freeswim,20/10/2021,9.699,,,,,
FSB 3,Benthic,24/11/2021,35,18.651,F,benthic_freeswim,20/10/2021,9.23,,,,,
FSB 4,Benthic,24/11/2021,35,18.71,F,benthic_freeswim,20/10/2021,9.715,,,,,
FSB 5,Benthic,24/11/2021,35, ,M,benthic_freeswim,20/10/2021,9.631,,,,,
FSB 6,Benthic,24/11/2021,35, ,M,benthic_freeswim,20/10/2021,9.743,,,,,
FSB 8,Benthic,24/11/2021,35,20.746,M,benthic_freeswim,20/10/2021,9.686,,,,,
FSB 10,Benthic,24/11/2021,35,19.094,M,benthic_freeswim,20/10/2021,10,,,,,
FSB 1,Benthic,29/11/2021,40,20.051,F,benthic_freeswim,20/10/2021,9.642,,,,,
FSB 2,Benthic,29/11/2021,40,18.712,M,benthic_freeswim,20/10/2021,9.699,,,,,
FSB 3,Benthic,29/11/2021,40,19.154,F,benthic_freeswim,20/10/2021,9.23,,,,,
FSB 4,Benthic,29/11/2021,40,18.784,F,benthic_freeswim,20/10/2021,9.715,,,,,
FSB 5,Benthic,29/11/2021,40, ,M,benthic_freeswim,20/10/2021,9.631,,,,,
FSB 6,Benthic,29/11/2021,40, ,M,benthic_freeswim,20/10/2021,9.743,,,,,
FSB 8,Benthic,29/11/2021,40,21.481,M,benthic_freeswim,20/10/2021,9.686,,,,,
FSB 10,Benthic,29/11/2021,40,19.782,M,benthic_freeswim,20/10/2021,10,,,,,
FSB 1,Benthic,03/12/2021,44,20.856,F,benthic_freeswim,20/10/2021,9.642,,,,,
FSB 2,Benthic,03/12/2021,44,19.362,M,benthic_freeswim,20/10/2021,9.699,,,,,
FSB 3,Benthic,03/12/2021,44,19.55,F,benthic_freeswim,20/10/2021,9.23,,,,,
FSB 4,Benthic,03/12/2021,44,19.918,F,benthic_freeswim,20/10/2021,9.715,,,,,
FSB 5,Benthic,03/12/2021,44, ,M,benthic_freeswim,20/10/2021,9.631,,,,,
FSB 6,Benthic,03/12/2021,44, ,M,benthic_freeswim,20/10/2021,9.743,,,,,
FSB 8,Benthic,03/12/2021,44,22.586,M,benthic_freeswim,20/10/2021,9.686,,,,,
FSB 10,Benthic,03/12/2021,44,20.59,M,benthic_freeswim,20/10/2021,10,,,,,
FSB 1,Benthic,09/12/2021,50,21.404,F,benthic_freeswim,20/10/2021,9.642,,,,,
FSB 2,Benthic,09/12/2021,50,20.004,M,benthic_freeswim,20/10/2021,9.699,,,,,
FSB 3,Benthic,09/12/2021,50,19.389,F,benthic_freeswim,20/10/2021,9.23,,,,,
FSB 4,Benthic,09/12/2021,50,20.534,F,benthic_freeswim,20/10/2021,9.715,,,,,
FSB 5,Benthic,09/12/2021,50, ,M,benthic_freeswim,20/10/2021,9.631,,,,,
FSB 6,Benthic,09/12/2021,50, ,M,benthic_freeswim,20/10/2021,9.743,,,,,
FSB 8,Benthic,09/12/2021,50,23.055,M,benthic_freeswim,20/10/2021,9.686,,,,,
FSB 10,Benthic,09/12/2021,50,21.541,M,benthic_freeswim,20/10/2021,10,,,,,
DA 1,Benthic,07/07/2022,0,16.869,F,benthic_adult,07/07/2022,16.869,Madingley,,,,
DA 2,Benthic,07/07/2022,0,12.82,M,benthic_adult,07/07/2022,12.82,omb,,,,
DA 3,Benthic,07/07/2022,0,14.133,F,benthic_adult,07/07/2022,14.133,omb,,,,
DA 4,Benthic,07/07/2022,0,13.887,F,benthic_adult,07/07/2022,13.887,omb,,,,
DA 5,Benthic,07/07/2022,0,12.359,M,benthic_adult,07/07/2022,12.359,Madingley,,,,
DA 6,Benthic,07/07/2022,0,14.471,F,benthic_adult,07/07/2022,14.471,omb,,,,
DA 7,Benthic,07/07/2022,0,13.336,M,benthic_adult,07/07/2022,13.336,Madingley,,,,
DA 8,Benthic,07/07/2022,0,12.95,F,benthic_adult,07/07/2022,12.95,omb,,,,
DA 9,Benthic,07/07/2022,0,14.388,M,benthic_adult,07/07/2022,14.388,Madingley,,,,
DA 10,Benthic,07/07/2022,0,15.958,M,benthic_adult,07/07/2022,15.958,Madingley,,,,
DA 1,Benthic,12/07/2022,5,17.571,F,benthic_adult,07/07/2022,16.869,Madingley,,,,
DA 2,Benthic,12/07/2022,5,13.101,M,benthic_adult,07/07/2022,12.82,omb,,,,
DA 3,Benthic,12/07/2022,5,14.761,F,benthic_adult,07/07/2022,14.133,omb,,,,
DA 4,Benthic,12/07/2022,5,15.099,F,benthic_adult,07/07/2022,13.887,omb,,,,
DA 5,Benthic,12/07/2022,5,16.972,M,benthic_adult,07/07/2022,12.359,Madingley,,,,
DA 6,Benthic,12/07/2022,5,15.686,F,benthic_adult,07/07/2022,14.471,omb,,,,
DA 7,Benthic,12/07/2022,5,17.528,M,benthic_adult,07/07/2022,13.336,Madingley,,,,
DA 8,Benthic,12/07/2022,5,13.292,F,benthic_adult,07/07/2022,12.95,omb,,,,
DA 9,Benthic,12/07/2022,5,18.033,M,benthic_adult,07/07/2022,14.388,Madingley,,,,
DA 10,Benthic,12/07/2022,5,,M,benthic_adult,07/07/2022,15.958,Madingley,,,,
DA 1,Benthic,17/07/2022,10,17.922,F,benthic_adult,07/07/2022,16.869,Madingley,,,,
DA 2,Benthic,17/07/2022,10,13.341,M,benthic_adult,07/07/2022,12.82,omb,,,,
DA 3,Benthic,17/07/2022,10,15.263,F,benthic_adult,07/07/2022,14.133,omb,,,,
DA 4,Benthic,17/07/2022,10,15.876,F,benthic_adult,07/07/2022,13.887,omb,,,,
DA 5,Benthic,17/07/2022,10,17.27,M,benthic_adult,07/07/2022,12.359,Madingley,,,,
DA 6,Benthic,17/07/2022,10,15.996,F,benthic_adult,07/07/2022,14.471,omb,,,,
DA 7,Benthic,17/07/2022,10,18.42,M,benthic_adult,07/07/2022,13.336,Madingley,,,,
DA 8,Benthic,17/07/2022,10,14.276,F,benthic_adult,07/07/2022,12.95,omb,,,,
DA 9,Benthic,17/07/2022,10,18.564,M,benthic_adult,07/07/2022,14.388,Madingley,,,,
DA 10,Benthic,17/07/2022,10,16.999,M,benthic_adult,07/07/2022,15.958,Madingley,,,,
DA 1,Benthic,22/07/2022,15,18.241,F,benthic_adult,07/07/2022,16.869,Madingley,,,,
DA 2,Benthic,22/07/2022,15,13.798,M,benthic_adult,07/07/2022,12.82,omb,,,,
DA 3,Benthic,22/07/2022,15,16.162,F,benthic_adult,07/07/2022,14.133,omb,,,,
DA 4,Benthic,22/07/2022,15,16.559,F,benthic_adult,07/07/2022,13.887,omb,,,,
DA 5,Benthic,22/07/2022,15,18.259,M,benthic_adult,07/07/2022,12.359,Madingley,,,,
DA 6,Benthic,22/07/2022,15,17.112,F,benthic_adult,07/07/2022,14.471,omb,,,,
DA 7,Benthic,22/07/2022,15,18.823,M,benthic_adult,07/07/2022,13.336,Madingley,,,,
DA 8,Benthic,22/07/2022,15,15.682,F,benthic_adult,07/07/2022,12.95,omb,,,,
DA 9,Benthic,22/07/2022,15,18.97,M,benthic_adult,07/07/2022,14.388,Madingley,,,,
DA 10,Benthic,22/07/2022,15,17.611,M,benthic_adult,07/07/2022,15.958,Madingley,,,,
DA 1,Benthic,27/07/2022,20,19.573,F,benthic_adult,07/07/2022,16.869,Madingley,,,,
DA 2,Benthic,27/07/2022,20,14.524,M,benthic_adult,07/07/2022,12.82,omb,,,,
DA 3,Benthic,27/07/2022,20,17.131,F,benthic_adult,07/07/2022,14.133,omb,,,,
DA 4,Benthic,27/07/2022,20,17.294,F,benthic_adult,07/07/2022,13.887,omb,,,,
DA 5,Benthic,27/07/2022,20,19.473,M,benthic_adult,07/07/2022,12.359,Madingley,,,,
DA 6,Benthic,27/07/2022,20,18.462,F,benthic_adult,07/07/2022,14.471,omb,,,,
DA 7,Benthic,27/07/2022,20,20.569,M,benthic_adult,07/07/2022,13.336,Madingley,,,,
DA 8,Benthic,27/07/2022,20,,F,benthic_adult,07/07/2022,12.95,omb,,,,
DA 9,Benthic,27/07/2022,20,19.735,M,benthic_adult,07/07/2022,14.388,Madingley,,,,
DA 10,Benthic,27/07/2022,20,19.542,M,benthic_adult,07/07/2022,15.958,Madingley,,,,
DA 1,Benthic,01/08/2022,25,20.35,F,benthic_adult,07/07/2022,16.869,Madingley,,,,
DA 2,Benthic,01/08/2022,25,16.125,M,benthic_adult,07/07/2022,12.82,omb,,,,
DA 3,Benthic,01/08/2022,25,18.412,F,benthic_adult,07/07/2022,14.133,omb,,,,
DA 4,Benthic,01/08/2022,25,18.568,F,benthic_adult,07/07/2022,13.887,omb,,,,
DA 5,Benthic,01/08/2022,25,19.902,M,benthic_adult,07/07/2022,12.359,Madingley,,,,
DA 6,Benthic,01/08/2022,25,19.096,F,benthic_adult,07/07/2022,14.471,omb,,,,
DA 7,Benthic,01/08/2022,25,21.514,M,benthic_adult,07/07/2022,13.336,Madingley,,,,
DA 8,Benthic,01/08/2022,25,17.834,F,benthic_adult,07/07/2022,12.95,omb,,,,
DA 9,Benthic,01/08/2022,25,20.067,M,benthic_adult,07/07/2022,14.388,Madingley,,,,
DA 10,Benthic,01/08/2022,25,19.54,M,benthic_adult,07/07/2022,15.958,Madingley,,,,
DA 1,Benthic,06/08/2022,30,20.58,F,benthic_adult,07/07/2022,16.869,Madingley,,,,
DA 2,Benthic,06/08/2022,30,17.067,M,benthic_adult,07/07/2022,12.82,omb,,,,
DA 3,Benthic,06/08/2022,30,18.895,F,benthic_adult,07/07/2022,14.133,omb,,,,
DA 4,Benthic,06/08/2022,30,18.939,F,benthic_adult,07/07/2022,13.887,omb,,,,
DA 5,Benthic,06/08/2022,30,20.995,M,benthic_adult,07/07/2022,12.359,Madingley,,,,
DA 6,Benthic,06/08/2022,30,19.845,F,benthic_adult,07/07/2022,14.471,omb,,,,
DA 7,Benthic,06/08/2022,30,21.918,M,benthic_adult,07/07/2022,13.336,Madingley,,,,
DA 8,Benthic,06/08/2022,30,18.831,F,benthic_adult,07/07/2022,12.95,omb,,,,
DA 9,Benthic,06/08/2022,30,,M,benthic_adult,07/07/2022,14.388,Madingley,,,,
DA 10,Benthic,06/08/2022,30,20.31,M,benthic_adult,07/07/2022,15.958,Madingley,,,,
DA 1,Benthic,11/08/2022,35,,F,benthic_adult,07/07/2022,16.869,Madingley,,,,
DA 2,Benthic,11/08/2022,35,17.555,M,benthic_adult,07/07/2022,12.82,omb,,,,
DA 3,Benthic,11/08/2022,35,19.052,F,benthic_adult,07/07/2022,14.133,omb,,,,
DA 4,Benthic,11/08/2022,35,19.271,F,benthic_adult,07/07/2022,13.887,omb,,,,
DA 5,Benthic,11/08/2022,35,21.461,M,benthic_adult,07/07/2022,12.359,Madingley,,,,
DA 6,Benthic,11/08/2022,35,20.352,F,benthic_adult,07/07/2022,14.471,omb,,,,
DA 7,Benthic,11/08/2022,35,22.785,M,benthic_adult,07/07/2022,13.336,Madingley,,,,
DA 8,Benthic,11/08/2022,35,18.983,F,benthic_adult,07/07/2022,12.95,omb,,,,
DA 9,Benthic,11/08/2022,35,21.87,M,benthic_adult,07/07/2022,14.388,Madingley,,,,
DA 10,Benthic,11/08/2022,35,20.843,M,benthic_adult,07/07/2022,15.958,Madingley,,,,
DA 1,Benthic,16/08/2022,40,21.587,F,benthic_adult,07/07/2022,16.869,Madingley,,,,
DA 2,Benthic,16/08/2022,40,18.495,M,benthic_adult,07/07/2022,12.82,omb,,,,
DA 3,Benthic,16/08/2022,40,20.503,F,benthic_adult,07/07/2022,14.133,omb,,,,
DA 4,Benthic,16/08/2022,40,20.11,F,benthic_adult,07/07/2022,13.887,omb,,,,
DA 5,Benthic,16/08/2022,40,22.535,M,benthic_adult,07/07/2022,12.359,Madingley,,,,
DA 6,Benthic,16/08/2022,40,21.209,F,benthic_adult,07/07/2022,14.471,omb,,,,
DA 7,Benthic,16/08/2022,40,23.446,M,benthic_adult,07/07/2022,13.336,Madingley,,,,
DA 8,Benthic,16/08/2022,40,19.604,F,benthic_adult,07/07/2022,12.95,omb,,,,
DA 9,Benthic,16/08/2022,40,22.839,M,benthic_adult,07/07/2022,14.388,Madingley,,,,
DA 10,Benthic,16/08/2022,40,21.76,M,benthic_adult,07/07/2022,15.958,Madingley,,,,
DA 7,Benthic,21/08/2022,45,23.734,M,benthic_adult,07/07/2022,13.336,Madingley,,,,
DA 1,Benthic,26/08/2022,50,23.498,F,benthic_adult,07/07/2022,16.869,Madingley,,,,
DA 2,Benthic,26/08/2022,50,19.701,M,benthic_adult,07/07/2022,12.82,omb,,,,
DA 3,Benthic,26/08/2022,50,22.646,F,benthic_adult,07/07/2022,14.133,omb,,,,
DA 4,Benthic,26/08/2022,50,21.15,F,benthic_adult,07/07/2022,13.887,omb,,,,
DA 5,Benthic,26/08/2022,50,25.134,M,benthic_adult,07/07/2022,12.359,Madingley,,,,
DA 6,Benthic,26/08/2022,50,22.991,F,benthic_adult,07/07/2022,14.471,omb,,,,
DA 7,Benthic,26/08/2022,50,25.145,M,benthic_adult,07/07/2022,13.336,Madingley,,,,
DA 8,Benthic,26/08/2022,50,21.792,F,benthic_adult,07/07/2022,12.95,omb,,,,
DA 9,Benthic,26/08/2022,50,25.078,M,benthic_adult,07/07/2022,14.388,Madingley,,,,
DA 10,Benthic,26/08/2022,50,23.823,M,benthic_adult,07/07/2022,15.958,Madingley,,,,
DA 1,Benthic,31/08/2022,55,23.899,F,benthic_adult,07/07/2022,16.869,Madingley,,,,
DA 2,Benthic,31/08/2022,55,20.288,M,benthic_adult,07/07/2022,12.82,omb,,,,
DA 3,Benthic,31/08/2022,55,23.232,F,benthic_adult,07/07/2022,14.133,omb,,,,
DA 4,Benthic,31/08/2022,55,21.836,F,benthic_adult,07/07/2022,13.887,omb,,,,
DA 5,Benthic,31/08/2022,55,,M,benthic_adult,07/07/2022,12.359,Madingley,,,,
DA 6,Benthic,31/08/2022,55,22.808,F,benthic_adult,07/07/2022,14.471,omb,,,,
DA 7,Benthic,31/08/2022,55,26.254,M,benthic_adult,07/07/2022,13.336,Madingley,,,,
DA 8,Benthic,31/08/2022,55,21.878,F,benthic_adult,07/07/2022,12.95,omb,,,,
DA 9,Benthic,31/08/2022,55,26.09,M,benthic_adult,07/07/2022,14.388,Madingley,,,,
DA 10,Benthic,31/08/2022,55,24.985,M,benthic_adult,07/07/2022,15.958,Madingley,,,,
DA 1,Benthic,06/09/2022,61,24.831,F,benthic_adult,07/07/2022,16.869,Madingley,,,,
DA 2,Benthic,06/09/2022,61,20.907,M,benthic_adult,07/07/2022,12.82,omb,,,,
DA 3,Benthic,06/09/2022,61,24.169,F,benthic_adult,07/07/2022,14.133,omb,,,,
DA 4,Benthic,06/09/2022,61,22.807,F,benthic_adult,07/07/2022,13.887,omb,,,,
DA 5,Benthic,06/09/2022,61,26.833,M,benthic_adult,07/07/2022,12.359,Madingley,,,,
DA 6,Benthic,06/09/2022,61,24.155,F,benthic_adult,07/07/2022,14.471,omb,,,,
DA 7,Benthic,06/09/2022,61,26.97,M,benthic_adult,07/07/2022,13.336,Madingley,,,,
DA 8,Benthic,06/09/2022,61,22.542,F,benthic_adult,07/07/2022,12.95,omb,,,,
DA 9,Benthic,06/09/2022,61,26.618,M,benthic_adult,07/07/2022,14.388,Madingley,,,,
DA 10,Benthic,06/09/2022,61,26.564,M,benthic_adult,07/07/2022,15.958,Madingley,,,,
DA 1,Benthic,12/09/2022,67,25.695,F,benthic_adult,07/07/2022,16.869,Madingley,,,,
DA 2,Benthic,12/09/2022,67,21.602,M,benthic_adult,07/07/2022,12.82,omb,,,,
DA 3,Benthic,12/09/2022,67,25.522,F,benthic_adult,07/07/2022,14.133,omb,,,,
DA 4,Benthic,12/09/2022,67,,F,benthic_adult,07/07/2022,13.887,omb,,,,
DA 5,Benthic,12/09/2022,67,27.539,M,benthic_adult,07/07/2022,12.359,Madingley,,,,
DA 6,Benthic,12/09/2022,67,24.989,F,benthic_adult,07/07/2022,14.471,omb,,,,
DA 7,Benthic,12/09/2022,67,27.617,M,benthic_adult,07/07/2022,13.336,Madingley,,,,
DA 8,Benthic,12/09/2022,67,22.5,F,benthic_adult,07/07/2022,12.95,omb,,,,
DA 9,Benthic,12/09/2022,67,28.089,M,benthic_adult,07/07/2022,14.388,Madingley,,,,
DA 10,Benthic,12/09/2022,67,26.906,M,benthic_adult,07/07/2022,15.958,Madingley,,,,
DA 1,Benthic,16/09/2022,71,26.063,F,benthic_adult,07/07/2022,16.869,Madingley,,,,
DA 2,Benthic,16/09/2022,71,22.299,M,benthic_adult,07/07/2022,12.82,omb,,,,
DA 3,Benthic,16/09/2022,71,25.963,F,benthic_adult,07/07/2022,14.133,omb,,,,
DA 4,Benthic,16/09/2022,71,23.602,F,benthic_adult,07/07/2022,13.887,omb,,,,
DA 5,Benthic,16/09/2022,71,28.812,M,benthic_adult,07/07/2022,12.359,Madingley,,,,
DA 6,Benthic,16/09/2022,71,25.232,F,benthic_adult,07/07/2022,14.471,omb,,,,
DA 7,Benthic,16/09/2022,71,28.647,M,benthic_adult,07/07/2022,13.336,Madingley,,,,
DA 8,Benthic,16/09/2022,71,23.243,F,benthic_adult,07/07/2022,12.95,omb,,,,
DA 9,Benthic,16/09/2022,71,28.642,M,benthic_adult,07/07/2022,14.388,Madingley,,,,
DA 10,Benthic,16/09/2022,71,28.318,M,benthic_adult,07/07/2022,15.958,Madingley,,,,
DA 1,Benthic,21/09/2022,76,26.885,F,benthic_adult,07/07/2022,16.869,Madingley,,,,
DA 2,Benthic,21/09/2022,76,,M,benthic_adult,07/07/2022,12.82,omb,,,,
DA 3,Benthic,21/09/2022,76,,F,benthic_adult,07/07/2022,14.133,omb,,,,
DA 4,Benthic,21/09/2022,76,,F,benthic_adult,07/07/2022,13.887,omb,,,,
DA 5,Benthic,21/09/2022,76,,M,benthic_adult,07/07/2022,12.359,Madingley,,,,
DA 6,Benthic,21/09/2022,76,,F,benthic_adult,07/07/2022,14.471,omb,,,,
DA 7,Benthic,21/09/2022,76,,M,benthic_adult,07/07/2022,13.336,Madingley,,,,
DA 8,Benthic,21/09/2022,76,,F,benthic_adult,07/07/2022,12.95,omb,,,,
DA 9,Benthic,21/09/2022,76,,M,benthic_adult,07/07/2022,14.388,Madingley,,,,
DA 10,Benthic,21/09/2022,76,,M,benthic_adult,07/07/2022,15.958,Madingley,,,,
DA 1,Benthic,28/09/2022,83,,F,benthic_adult,07/07/2022,16.869,Madingley,,,,
DA 2,Benthic,28/09/2022,83,22.465,M,benthic_adult,07/07/2022,12.82,omb,,,,
DA 3,Benthic,28/09/2022,83,,F,benthic_adult,07/07/2022,14.133,omb,,,,
DA 4,Benthic,28/09/2022,83,24.769,F,benthic_adult,07/07/2022,13.887,omb,,,,
DA 5,Benthic,28/09/2022,83,32.256,M,benthic_adult,07/07/2022,12.359,Madingley,,,,
DA 6,Benthic,28/09/2022,83,25.915,F,benthic_adult,07/07/2022,14.471,omb,,,,
DA 7,Benthic,28/09/2022,83,31.133,M,benthic_adult,07/07/2022,13.336,Madingley,,,,
DA 8,Benthic,28/09/2022,83,24.386,F,benthic_adult,07/07/2022,12.95,omb,,,,
DA 9,Benthic,28/09/2022,83,31.373,M,benthic_adult,07/07/2022,14.388,Madingley,,,,
DA 10,Benthic,28/09/2022,83,30.635,M,benthic_adult,07/07/2022,15.958,Madingley,,,,
DA 1,Benthic,02/10/2022,87,,F,benthic_adult,07/07/2022,16.869,Madingley,,,,
DA 2,Benthic,02/10/2022,87,24.352,M,benthic_adult,07/07/2022,12.82,omb,,,,
DA 3,Benthic,02/10/2022,87,27.953,F,benthic_adult,07/07/2022,14.133,omb,,,,
DA 4,Benthic,02/10/2022,87,25.127,F,benthic_adult,07/07/2022,13.887,omb,,,,
DA 5,Benthic,02/10/2022,87,32.687,M,benthic_adult,07/07/2022,12.359,Madingley,,,,
DA 6,Benthic,02/10/2022,87,26.567,F,benthic_adult,07/07/2022,14.471,omb,,,,
DA 7,Benthic,02/10/2022,87,30.931,M,benthic_adult,07/07/2022,13.336,Madingley,,,,
DA 8,Benthic,02/10/2022,87,24.132,F,benthic_adult,07/07/2022,12.95,omb,,,,
DA 9,Benthic,02/10/2022,87,32.332,M,benthic_adult,07/07/2022,14.388,Madingley,,,,
DA 10,Benthic,02/10/2022,87,31.695,M,benthic_adult,07/07/2022,15.958,Madingley,,,,
DA 1,Benthic,07/10/2022,92,,F,benthic_adult,07/07/2022,16.869,Madingley,,,,
DA 2,Benthic,07/10/2022,92,25.41,M,benthic_adult,07/07/2022,12.82,omb,,,,
DA 3,Benthic,07/10/2022,92,27.902,F,benthic_adult,07/07/2022,14.133,omb,,,,
DA 4,Benthic,07/10/2022,92,26.335,F,benthic_adult,07/07/2022,13.887,omb,,,,
DA 5,Benthic,07/10/2022,92,34.256,M,benthic_adult,07/07/2022,12.359,Madingley,,,,
DA 6,Benthic,07/10/2022,92,27.749,F,benthic_adult,07/07/2022,14.471,omb,,,,
DA 7,Benthic,07/10/2022,92,32.115,M,benthic_adult,07/07/2022,13.336,Madingley,,,,
DA 8,Benthic,07/10/2022,92,24.498,F,benthic_adult,07/07/2022,12.95,omb,,,,
DA 9,Benthic,07/10/2022,92,33.362,M,benthic_adult,07/07/2022,14.388,Madingley,,,,
DA 10,Benthic,07/10/2022,92,32.205,M,benthic_adult,07/07/2022,15.958,Madingley,,,,
DA 1,Benthic,12/10/2022,97,,F,benthic_adult,07/07/2022,16.869,Madingley,,,,
DA 2,Benthic,12/10/2022,97,25.37,M,benthic_adult,07/07/2022,12.82,omb,,,,
DA 3,Benthic,12/10/2022,97,28.776,F,benthic_adult,07/07/2022,14.133,omb,,,,
DA 4,Benthic,12/10/2022,97,26.4,F,benthic_adult,07/07/2022,13.887,omb,,,,
DA 5,Benthic,12/10/2022,97,36.236,M,benthic_adult,07/07/2022,12.359,Madingley,,,,
DA 6,Benthic,12/10/2022,97,27.905,F,benthic_adult,07/07/2022,14.471,omb,,,,
DA 7,Benthic,12/10/2022,97,33.924,M,benthic_adult,07/07/2022,13.336,Madingley,,,,
DA 8,Benthic,12/10/2022,97,25.566,F,benthic_adult,07/07/2022,12.95,omb,,,,
DA 9,Benthic,12/10/2022,97,34.023,M,benthic_adult,07/07/2022,14.388,Madingley,,,,
DA 10,Benthic,12/10/2022,97,33.537,M,benthic_adult,07/07/2022,15.958,Madingley,,,,
DA 1,Benthic,17/10/2022,102,,F,benthic_adult,07/07/2022,16.869,Madingley,,,,
DA 2,Benthic,17/10/2022,102,27.093,M,benthic_adult,07/07/2022,12.82,omb,,,,
DA 3,Benthic,17/10/2022,102,29.251,F,benthic_adult,07/07/2022,14.133,omb,,,,
DA 4,Benthic,17/10/2022,102,27.098,F,benthic_adult,07/07/2022,13.887,omb,,,,
DA 5,Benthic,17/10/2022,102,36.84,M,benthic_adult,07/07/2022,12.359,Madingley,,,,
DA 6,Benthic,17/10/2022,102,,F,benthic_adult,07/07/2022,14.471,omb,,,,
DA 7,Benthic,17/10/2022,102,34.867,M,benthic_adult,07/07/2022,13.336,Madingley,,,,
DA 8,Benthic,17/10/2022,102,25.661,F,benthic_adult,07/07/2022,12.95,omb,,,,
DA 9,Benthic,17/10/2022,102,34.869,M,benthic_adult,07/07/2022,14.388,Madingley,,,,
DA 10,Benthic,17/10/2022,102,34.721,M,benthic_adult,07/07/2022,15.958,Madingley,,,,
DA 1,Benthic,24/10/2022,109,,F,benthic_adult,07/07/2022,16.869,Madingley,,,,
DA 2,Benthic,24/10/2022,109,27.022,M,benthic_adult,07/07/2022,12.82,omb,,,,
DA 3,Benthic,24/10/2022,109,29.068,F,benthic_adult,07/07/2022,14.133,omb,,,,
DA 4,Benthic,24/10/2022,109,27.336,F,benthic_adult,07/07/2022,13.887,omb,,,,
DA 5,Benthic,24/10/2022,109,37.269,M,benthic_adult,07/07/2022,12.359,Madingley,,,,
DA 6,Benthic,24/10/2022,109,29.451,F,benthic_adult,07/07/2022,14.471,omb,,,,
DA 7,Benthic,24/10/2022,109,35.274,M,benthic_adult,07/07/2022,13.336,Madingley,,,,
DA 8,Benthic,24/10/2022,109,26,F,benthic_adult,07/07/2022,12.95,omb,,,,
DA 9,Benthic,24/10/2022,109,35.06,M,benthic_adult,07/07/2022,14.388,Madingley,,,,
DA 10,Benthic,24/10/2022,109,34.657,M,benthic_adult,07/07/2022,15.958,Madingley,,,,
DA 1,Benthic,28/10/2022,113,,F,benthic_adult,07/07/2022,16.869,Madingley,,,,
DA 2,Benthic,28/10/2022,113,27.675,M,benthic_adult,07/07/2022,12.82,omb,,,,
DA 3,Benthic,28/10/2022,113,30.387,F,benthic_adult,07/07/2022,14.133,omb,,,,
DA 4,Benthic,28/10/2022,113,28.503,F,benthic_adult,07/07/2022,13.887,omb,,,,
DA 5,Benthic,28/10/2022,113,38.157,M,benthic_adult,07/07/2022,12.359,Madingley,,,,
DA 6,Benthic,28/10/2022,113,30.235,F,benthic_adult,07/07/2022,14.471,omb,,,,
DA 7,Benthic,28/10/2022,113,36.425,M,benthic_adult,07/07/2022,13.336,Madingley,,,,
DA 8,Benthic,28/10/2022,113,26.797,F,benthic_adult,07/07/2022,12.95,omb,,,,
DA 9,Benthic,28/10/2022,113,36.529,M,benthic_adult,07/07/2022,14.388,Madingley,,,,
DA 10,Benthic,07/11/2022,123,35.327,M,benthic_adult,07/07/2022,15.958,Madingley,,,,
DA 1,Benthic,07/11/2022,123,,F,benthic_adult,07/07/2022,16.869,Madingley,,,,
DA 2,Benthic,07/11/2022,123,29.459,M,benthic_adult,07/07/2022,12.82,omb,,,,
DA 3,Benthic,07/11/2022,123,31.267,F,benthic_adult,07/07/2022,14.133,omb,,,,
DA 4,Benthic,07/11/2022,123,29.055,F,benthic_adult,07/07/2022,13.887,omb,,,,
DA 5,Benthic,07/11/2022,123,40.212,M,benthic_adult,07/07/2022,12.359,Madingley,,,,
DA 6,Benthic,07/11/2022,123,30.967,F,benthic_adult,07/07/2022,14.471,omb,,,,
DA 7,Benthic,07/11/2022,123,37.028,M,benthic_adult,07/07/2022,13.336,Madingley,,,,
DA 8,Benthic,07/11/2022,123,27.186,F,benthic_adult,07/07/2022,12.95,omb,,,,
DA 9,Benthic,07/11/2022,123,37.417,M,benthic_adult,07/07/2022,14.388,Madingley,,,,
DA 10,Benthic,07/11/2022,123,36.068,M,benthic_adult,07/07/2022,15.958,Madingley,,,,
DA 1,Benthic,18/11/2022,134,,F,benthic_adult,07/07/2022,16.869,Madingley,,,,
DA 2,Benthic,18/11/2022,134,31.659,M,benthic_adult,07/07/2022,12.82,omb,,,,
DA 3,Benthic,18/11/2022,134,32.13,F,benthic_adult,07/07/2022,14.133,omb,,,,
DA 4,Benthic,18/11/2022,134,31.551,F,benthic_adult,07/07/2022,13.887,omb,,,,
DA 5,Benthic,18/11/2022,134,40.736,M,benthic_adult,07/07/2022,12.359,Madingley,,,,
DA 6,Benthic,18/11/2022,134,32.238,F,benthic_adult,07/07/2022,14.471,omb,,,,
DA 7,Benthic,18/11/2022,134,38.431,M,benthic_adult,07/07/2022,13.336,Madingley,,,,
DA 8,Benthic,18/11/2022,134,27.539,F,benthic_adult,07/07/2022,12.95,omb,,,,
DA 9,Benthic,18/11/2022,134,39.197,M,benthic_adult,07/07/2022,14.388,Madingley,,,,
DA 10,Benthic,18/11/2022,134,37.143,M,benthic_adult,07/07/2022,15.958,Madingley,,,,
DA 1,Benthic,25/11/2022,141,,F,benthic_adult,07/07/2022,16.869,Madingley,,,,
DA 2,Benthic,25/11/2022,141,32.855,M,benthic_adult,07/07/2022,12.82,omb,,,,
DA 3,Benthic,25/11/2022,141,33.475,F,benthic_adult,07/07/2022,14.133,omb,,,,
DA 4,Benthic,25/11/2022,141,32.937,F,benthic_adult,07/07/2022,13.887,omb,,,,
DA 5,Benthic,25/11/2022,141,43.163,M,benthic_adult,07/07/2022,12.359,Madingley,,,,
DA 6,Benthic,25/11/2022,141,33.911,F,benthic_adult,07/07/2022,14.471,omb,,,,
DA 7,Benthic,25/11/2022,141,39.714,M,benthic_adult,07/07/2022,13.336,Madingley,,,,
DA 8,Benthic,25/11/2022,141,30.2,F,benthic_adult,07/07/2022,12.95,omb,,,,
DA 9,Benthic,25/11/2022,141,39.309,M,benthic_adult,07/07/2022,14.388,Madingley,,,,
DA 10,Benthic,25/11/2022,141,,M,benthic_adult,07/07/2022,15.958,Madingley,,,,
DA 1,Benthic,02/12/2022,148,,F,benthic_adult,07/07/2022,16.869,Madingley,,,,
DA 2,Benthic,02/12/2022,148,33.057,M,benthic_adult,07/07/2022,12.82,omb,,,,
DA 3,Benthic,02/12/2022,148,33.504,F,benthic_adult,07/07/2022,14.133,omb,,,,
DA 4,Benthic,02/12/2022,148,34.366,F,benthic_adult,07/07/2022,13.887,omb,,,,
DA 5,Benthic,02/12/2022,148,43.227,M,benthic_adult,07/07/2022,12.359,Madingley,,,,
DA 6,Benthic,02/12/2022,148,33.912,F,benthic_adult,07/07/2022,14.471,omb,,,,
DA 7,Benthic,02/12/2022,148,41.061,M,benthic_adult,07/07/2022,13.336,Madingley,,,,
DA 8,Benthic,02/12/2022,148,30.117,F,benthic_adult,07/07/2022,12.95,omb,,,,
DA 9,Benthic,02/12/2022,148,40.129,M,benthic_adult,07/07/2022,14.388,Madingley,,,,
DA 10,Benthic,02/12/2022,148,40.213,M,benthic_adult,07/07/2022,15.958,Madingley,,,,
EL 1,Littoral,10/07/2021,10,10.302,,littoral_emb,30/06/2021,6.484,,,,,
EL 2,Littoral,09/07/2021,9,10.109,,littoral_emb,30/06/2021,6.987,,,,,
EL 3,Littoral,10/07/2021,10,10.3,,littoral_emb,30/06/2021,7.197,,,,,
EL 4,Littoral,09/07/2021,9,9.881,,littoral_emb,30/06/2021,7.167,,,,,
EL 5,Littoral,10/07/2021,10,10.031,,littoral_emb,30/06/2021,7.114,,,,,
EL 6,Littoral,12/07/2021,12,10.696,,littoral_emb,30/06/2021,6.183,,,,,
EL 7,Littoral,11/07/2021,11,10.208,,littoral_emb,30/06/2021,6.279,,,,,
EL 8,Littoral,09/07/2021,9,10.106,,littoral_emb,30/06/2021,6.405,,,,,
EB 1,Benthic,01/03/2022,9,9.539,,benthic_emb,01/03/2022,6.015,,,,,
EB 2,Benthic,01/03/2022,9,9.712,,benthic_emb,01/03/2022,6.293,,,,,
EB 3,Benthic,01/03/2022,9,9.734,,benthic_emb,01/03/2022,6.567,,,,,
EB 5,Benthic,01/03/2022,9,9.754,,benthic_emb,01/03/2022,6.543,,,,,
EB 7,Benthic,01/03/2022,10,10.002,,benthic_emb,01/03/2022,7.21,,,,,
EL 1,Littoral,06/07/2021,6,,,littoral_emb,30/06/2021,6.484,,,,,
EL 2,Littoral,04/07/2021,4,8.466,,littoral_emb,30/06/2021,6.987,,,,,
EL 3,Littoral,09/07/2021,9,10.191,,littoral_emb,30/06/2021,7.197,,,,,
EL 4,Littoral,03/07/2021,3,7.956,,littoral_emb,30/06/2021,7.167,,,,,
EL 5,Littoral,04/07/2021,4,8.562,,littoral_emb,30/06/2021,7.114,,,,,
EL 6,Littoral,05/07/2021,5,9.09,,littoral_emb,30/06/2021,6.183,,,,,
EL 7,Littoral,07/07/2021,7,9.734,,littoral_emb,30/06/2021,6.279,,,,,
EL 8,Littoral,07/07/2021,7,9.525,,littoral_emb,30/06/2021,6.405,,,,,
EL 9,Littoral,04/07/2021,4,8.663,,littoral_emb,30/06/2021,6.81,,,,,
EB 1,Benthic,04/03/2022,3,,,benthic_emb,01/03/2022,6.015,,,,,
EB 2,Benthic,05/03/2022,4,8.22,,benthic_emb,01/03/2022,6.493,,,,,
EB 3,Benthic,03/03/2022,2,7.588,,benthic_emb,01/03/2022,6.567,,,,,
EB 4,Benthic,03/03/2022,2,7.476,,benthic_emb,01/03/2022,6.615,,,,,
EB 5,Benthic,03/03/2022,2,7.517,,benthic_emb,01/03/2022,6.543,,,,,
EB 6,Benthic,04/03/2022,3,7.244,,benthic_emb,01/03/2022,6.102,,,,,
EB 7,Benthic,04/03/2022,3,8.165,,benthic_emb,01/03/2022,7.21,,,,,
EB 8,Benthic,05/03/2022,4,7.685,,benthic_emb,01/03/2022,6.163,,,,,
